,Reference,New,ratio
,0,0,0
data,,,
0,0.6108834736061287,0.6108834736061287,1.0
1,0.5780076012370077,0.5780076012370077,1.0
2,0.481102308988342,0.481102308988342,1.0
