,Reference,New,ratio
,0,0,0
data,,,
0,0.823196374134989,0.823196374134989,1.0
1,0.7547453825103482,0.7547453825103482,1.0
2,0.6323253037607262,0.6323253037607262,1.0
3,0.4548206825920446,0.4548206825920446,1.0
