,Reference,New,ratio
,0,0,0
data,,,
0,0.8329507300724859,0.8329507300724859,1.0
1,0.7126354551260616,0.7126354551260616,1.0
2,0.5186753722630385,0.5186753722630385,1.0
3,0.22720263276544428,0.22720263276544428,1.0
4,0.021724657566042506,0.021724657566042506,1.0
