,Reference,New,ratio
,0,0,0
data,,,
0,0.6922929442487821,0.6922929442487821,1.0
1,0.6407926709681376,0.6407926709681376,1.0
2,0.5023545345604337,0.5023545345604337,1.0
