,Reference,New,ratio
,0,0,0
data,,,
0,167.74321418313713,167.74321418313713,1.0
