,Reference,New,ratio
,0,0,0
data,,,
0,0.6361676340020973,0.6361676340020973,1.0
1,0.6113964217605451,0.6113964217605451,1.0
2,0.5281461160009184,0.5281461160009184,1.0
