,Reference,New,ratio
,0,0,0
data,,,
0,223.80470120920978,223.80470120920978,1.0
1,98.11591933033152,98.11591933033152,1.0
2,47.75514875991509,47.75514875991509,1.0
3,27.275429117243203,27.275429117243203,1.0
4,16.867522962916155,16.867522962916155,1.0
