,Reference,New,ratio
,0,0,0
data,,,
0,1.9130384177331448,1.9130384177331448,1.0
