,Reference,New,ratio
,0,0,0
data,,,
0,3569331.0845576115,3569331.0845576115,1.0
1,4673727.19222847,4673727.19222847,1.0
2,787533.2790316166,787533.2790316166,1.0
