,Reference,New,ratio
,0,0,0
data,,,
0,802.7190451353084,802.7190451353084,1.0
