,Reference,New,ratio
,0,0,0
data,,,
0,240.97588510310348,240.97588510310348,1.0
