,Reference,New,ratio
,0,0,0
data,,,
0,12033.084838459388,12033.084838459388,1.0
1,21260.103420983374,21260.103420983374,1.0
2,13164.1150462072,13164.1150462072,1.0
3,6512.064240051512,6512.064240051512,1.0
4,2936.968935272373,2936.968935272373,1.0
5,1218.5005713315327,1218.5005713315327,1.0
