,Reference,New,ratio
,0,0,0
data,,,
0,0.7232522415776746,0.7232522415776746,1.0
1,0.6856475440309369,0.6856475440309369,1.0
2,0.562854825799592,0.562854825799592,1.0
