,Reference,New,ratio
,0,0,0
data,,,
0,1.6698532540826703,1.6698532540826703,1.0
