,Reference,New,ratio
,0,0,0
data,,,
0,61.94747001645881,61.94747001645881,1.0
