,Reference,New,ratio
,0,0,0
data,,,
0,1.8599331525742875,1.8599331525742875,1.0
