,Reference,New,ratio
,0,0,0
data,,,
0,240.76135240990126,240.76135240990126,1.0
