,Reference,New,ratio
,0,0,0
data,,,
0,0.0645161879448479,0.0645161879448479,1.0
1,0.22850008887501558,0.22850008887501558,1.0
2,0.3106174885540741,0.3106174885540741,1.0
3,0.3717563247589152,0.3717563247589152,1.0
4,0.4209956090612953,0.4209956090612953,1.0
5,0.4159369125258302,0.4159369125258302,1.0
6,0.3737665986132989,0.3737665986132989,1.0
7,0.32002762390498735,0.32002762390498735,1.0
8,0.2260316422372355,0.2260316422372355,1.0
