,Reference,New,ratio
,0,0,0
data,,,
0,69.13172233007354,69.13172233007354,1.0
