,Reference,New,ratio
,0,0,0
data,,,
1,0.05968786547829295,0.05968786547829295,1.0
2,0.09253754952983044,0.09253754952983044,1.0
3,0.12541343977791344,0.12541343977791344,1.0
4,0.1499592352849874,0.1499592352849874,1.0
5,0.16523249944379706,0.16523249944379706,1.0
6,0.1666956959895962,0.1666956959895962,1.0
7,0.15522520443404525,0.15522520443404525,1.0
8,0.11920196631033811,0.11920196631033811,1.0
9,0.06778203092816175,0.06778203092816175,1.0
