,Reference,New,ratio
,0,0,0
data,,,
0,1.9173514907586768,1.9173514907586768,1.0
