,Reference,New,ratio
,0,0,0
data,,,
0,0.6302957983080208,0.6302957983080208,1.0
1,0.6070222274699653,0.6070222274699653,1.0
2,0.5258865638451212,0.5258865638451212,1.0
