,Reference,New,ratio
,0,0,0
data,,,
0,0.723035273035045,0.723035273035045,1.0
1,0.6852183082232235,0.6852183082232235,1.0
2,0.5620145927688279,0.5620145927688279,1.0
