,Reference,New,ratio
,0,0,0
data,,,
0,0.6906983825598918,0.6906983825598918,1.0
1,0.6405124121137669,0.6405124121137669,1.0
2,0.5015448030506101,0.5015448030506101,1.0
