,Reference,New,ratio
,0,0,0
data,,,
0,3550412.249926981,3550412.249926981,1.0
1,4618272.328320223,4618272.328320223,1.0
2,782792.652236127,782792.652236127,1.0
