,Reference,New,ratio
,0,0,0
data,,,
0,158.34564478874353,158.34564478874353,1.0
