,Reference,New,ratio
,0,0,0
data,,,
0,1.6758261746333332,1.6758261746333332,1.0
