,Reference,New,ratio
,0,0,0
data,,,
0,751.5456598784602,751.5456598784602,1.0
