,Reference,New,ratio
,0,0,0
data,,,
0,221.47476614851013,221.47476614851013,1.0
1,96.79329703922754,96.79329703922754,1.0
2,47.07370753842638,47.07370753842638,1.0
3,26.576596536784404,26.576596536784404,1.0
4,16.33960304160101,16.33960304160101,1.0
