,Reference,New,ratio
,0,0,0
data,,,
0,0.6059760969252926,0.6059760969252926,1.0
1,0.5738261742778007,0.5738261742778007,1.0
2,0.47805357156416095,0.47805357156416095,1.0
