,Reference,New,ratio
,0,0,0
data,,,
0,62.790016497114465,62.790016497114465,1.0
