,Reference,New,ratio
,0,0,0
data,,,
0,1.862710393903965,1.862710393903965,1.0
