,Reference,New,ratio
,0,0,0
data,,,
0,227.04178562055725,227.04178562055725,1.0
