,Reference,New,ratio
,0,0,0
data,,,
0,0.06403386045060216,0.06403386045060216,1.0
1,0.22837845698444859,0.22837845698444859,1.0
2,0.3103820562155869,0.3103820562155869,1.0
3,0.371880108547585,0.371880108547585,1.0
4,0.4216421268251673,0.4216421268251673,1.0
5,0.4165079893430473,0.4165079893430473,1.0
6,0.37392166772921515,0.37392166772921515,1.0
7,0.31981344109409754,0.31981344109409754,1.0
8,0.2258988511754142,0.2258988511754142,1.0
