,Reference,New,ratio
,0,0,0
data,,,
0,61.85426028545483,61.85426028545483,1.0
