,Reference,New,ratio
,0,0,0
data,,,
1,0.05806835208931603,0.05806835208931603,1.0
2,0.09412211498147448,0.09412211498147448,1.0
3,0.12637021623602934,0.12637021623602934,1.0
4,0.15327295433548047,0.15327295433548047,1.0
5,0.17026783678845692,0.17026783678845692,1.0
6,0.17414250793378852,0.17414250793378852,1.0
7,0.16026238451090688,0.16026238451090688,1.0
8,0.12586906849367224,0.12586906849367224,1.0
9,0.0675892945460132,0.0675892945460132,1.0
