,Reference,New,ratio
,0,0,0
data,,,
0,14102.863752926125,14102.863752926125,1.0
1,39061.56157482907,39061.56157482907,1.0
2,57035.09479824768,57035.09479824768,1.0
3,64591.05217793912,64591.05217793912,1.0
4,59541.853961022316,59541.853961022316,1.0
5,40390.97677829079,40390.97677829079,1.0
6,17933.274695778615,17933.274695778615,1.0
7,4488.657170920035,4488.657170920035,1.0
8,407.9030928355076,407.9030928355076,1.0
