,Reference,New,ratio
,0,0,0
data,,,
0,219.0819462268039,219.0819462268039,1.0
1,95.6831043063464,95.6831043063464,1.0
2,46.50975848640522,46.50975848640522,1.0
3,26.250096675004148,26.250096675004148,1.0
4,16.136518378238353,16.136518378238353,1.0
