,Reference,New,ratio
,0,0,0
data,,,
0,0.8325920664966381,0.8325920664966381,1.0
1,0.7125212836767089,0.7125212836767089,1.0
2,0.5184114329221016,0.5184114329221016,1.0
3,0.22674925152202213,0.22674925152202213,1.0
4,0.021907001787023848,0.021907001787023848,1.0
