,Reference,New,ratio
,0,0,0
data,,,
0,1.9281012285191728,1.9281012285191728,1.0
