,Reference,New,ratio
,0,0,0
data,,,
0,0.6052448869755331,0.6052448869755331,1.0
1,0.5733151415253491,0.5733151415253491,1.0
2,0.47788044915299255,0.47788044915299255,1.0
