,Reference,New,ratio
,0,0,0
data,,,
0,145.3799168649232,145.3799168649232,1.0
