,Reference,New,ratio
,0,0,0
data,,,
0,3555305.0707385596,3555305.0707385596,1.0
1,4633245.89065173,4633245.89065173,1.0
2,778980.4805740175,778980.4805740175,1.0
