,Reference,New,ratio
,0,0,0
data,,,
0,0.6299183786139501,0.6299183786139501,1.0
1,0.6064884586990914,0.6064884586990914,1.0
2,0.5255094394042572,0.5255094394042572,1.0
