,Reference,New,ratio
,0,0,0
data,,,
0,208.04470282298504,208.04470282298504,1.0
