,Reference,New,ratio
,0,0,0
data,,,
0,0.7268273388013018,0.7268273388013018,1.0
1,0.6888706617326271,0.6888706617326271,1.0
2,0.5650922060826553,0.5650922060826553,1.0
