,Reference,New,ratio
,0,0,0
data,,,
0,0.6945660660365124,0.6945660660365124,1.0
1,0.6443243744020741,0.6443243744020741,1.0
2,0.504587583920901,0.504587583920901,1.0
