,Reference,New,ratio
,0,0,0
data,,,
0,1.674909802248075,1.674909802248075,1.0
