,Reference,New,ratio
,0,0,0
data,,,
0,1.8738637874741364,1.8738637874741364,1.0
