,Reference,New,ratio
,0,0,0
data,,,
0,53.562837136936395,53.562837136936395,1.0
1,110.16302591828452,110.16302591828452,1.0
2,154.01464347626424,154.01464347626424,1.0
3,189.91093412063378,189.91093412063378,1.0
4,210.0801950425088,210.0801950425088,1.0
5,210.0188435808155,210.0188435808155,1.0
6,189.89695184424568,189.89695184424568,1.0
7,153.94137930325257,153.94137930325257,1.0
8,110.12453259390324,110.12453259390324,1.0
9,53.64536201526051,53.64536201526051,1.0
