,Reference,New,ratio
,0,0,0
data,,,
0,62.846887092128625,62.846887092128625,1.0
