,Reference,New,ratio
,0,0,0
data,,,
0,684.4721815627938,684.4721815627938,1.0
