,Reference,New,ratio
,0,0,0
data,,,
0,57.074787573498206,57.074787573498206,1.0
