,Reference,New,ratio
,0,0,0
data,,,
0,0.06452461424235975,0.06452461424235975,1.0
1,0.22837349509477775,0.22837349509477775,1.0
2,0.3110158590566328,0.3110158590566328,1.0
3,0.3720725453714929,0.3720725453714929,1.0
4,0.4192704075102933,0.4192704075102933,1.0
5,0.41483092043666897,0.41483092043666897,1.0
6,0.37409461656061305,0.37409461656061305,1.0
7,0.3184201065111426,0.3184201065111426,1.0
8,0.22624722119207163,0.22624722119207163,1.0
