,Reference,New,ratio
,0,0,0
data,,,
1,0.057962716777746406,0.057962716777746406,1.0
2,0.09390989476502423,0.09390989476502423,1.0
3,0.1259503652291882,0.1259503652291882,1.0
4,0.152451071712854,0.152451071712854,1.0
5,0.16893077174569932,0.16893077174569932,1.0
6,0.17215212043813383,0.17215212043813383,1.0
7,0.15755003270906906,0.15755003270906906,1.0
8,0.12235322072971917,0.12235322072971917,1.0
9,0.06341173028264045,0.06341173028264045,1.0
