,Reference,New,ratio
,0,0,0
data,,,
0,13858.741398596616,13858.741398596616,1.0
1,38429.10448466845,38429.10448466845,1.0
2,56185.21759162918,56185.21759162918,1.0
3,63707.72278327272,63707.72278327272,1.0
4,58810.99307691039,58810.99307691039,1.0
5,39888.961702504035,39888.961702504035,1.0
6,17674.928506802873,17674.928506802873,1.0
7,4415.633344285624,4415.633344285624,1.0
8,400.48467532035437,400.48467532035437,1.0
