,Reference,New,ratio
,0,0,0
data,,,
0,167.74318970732196,167.74317759947868,1.0000000721808389
