,Reference,New,ratio
,0,0,0
data,,,
0,1.9130235015190047,1.9130379937582738,0.9999924244895729
