,Reference,New,ratio
,0,0,0
data,,,
0,0.8330654839782099,0.8329509334410591,1.0001375237514623
1,0.712718695667044,0.7126356299410858,1.0001165612866776
2,0.5187287282634657,0.518675501132608,1.000102621254988
3,0.22723782192710895,0.22720269166033685,1.0001546208212384
4,0.021726295484318786,0.021724663673698266,1.0000751132742505
