,Reference,New,ratio
,0,0,0
data,,,
0,802.7189671030478,802.7188694909901,1.000000121601798
