,Reference,New,ratio
,0,0,0
data,,,
0,1.6697018451494707,1.6698532749817256,0.9999093154862624
