,Reference,New,ratio
,0,0,0
data,,,
0,1.8598931105755234,1.8599327263494225,0.9999787004264521
