,Reference,New,ratio
,0,0,0
data,,,
0,61.99228024466286,61.94746860103221,1.0007233813526628
