,Reference,New,ratio
,0,0,0
data,,,
0,69.13797821409337,69.13172719353382,1.0000904218773827
