,Reference,New,ratio
,0,0,0
data,,,
0,240.97585208836796,240.9758324071488,1.000000081673
