,Reference,New,ratio
,0,0,0
data,,,
0,1.1381791118050388,1.1344383383529382,1.003297467412404
1,1.1634385048230929,1.1565261824171829,1.0059767971629168
2,1.1679986397186575,1.1585321385267633,1.0081711166027143
3,1.149888420218596,1.1367992206482078,1.011514082111109
4,1.1352183866909111,1.1221122099782816,1.0116799163186034
5,1.1558310148549962,1.1380732263508468,1.0156033795479826
