,Reference,New,ratio
,0,0,0
data,,,
0,0.6921447217229534,0.6921447217229534,1.0
1,0.6409632258105751,0.6409632258105751,1.0
2,0.5025737738603807,0.5025737738603807,1.0
