,Reference,New,ratio
,0,0,0
data,,,
0,1.6688965615671083,1.6688965615671083,1.0
