,Reference,New,ratio
,0,0,0
data,,,
0,0.8330673121237593,0.8330673121237593,1.0
1,0.7127608802888841,0.7127608802888841,1.0
2,0.5186238462679132,0.5186238462679132,1.0
3,0.2269276220457271,0.2269276220457271,1.0
4,0.021722119288159293,0.021722119288159293,1.0
