,Reference,New,ratio
,0,0,0
data,,,
0,0.7232864545761769,0.7232864545761769,1.0
1,0.685710854841665,0.685710854841665,1.0
2,0.5629855401919933,0.5629855401919933,1.0
