,Reference,New,ratio
,0,0,0
data,,,
0,10786.546732890592,10786.546732890592,1.0
1,21773.399047189207,21773.399047189207,1.0
2,13243.075929782974,13243.075929782974,1.0
3,6513.979573551635,6513.979573551635,1.0
4,2935.6818636419607,2935.6818636419607,1.0
5,1216.8402939258183,1216.8402939258183,1.0
