,Reference,New,ratio
,0,0,0
data,,,
0,229.2075768618799,229.2075768618799,1.0
