,Reference,New,ratio
,0,0,0
data,,,
0,0.6353608215459764,0.6353608215459764,1.0
1,0.6107986971213901,0.6107986971213901,1.0
2,0.5278318477662527,0.5278318477662527,1.0
