,Reference,New,ratio
,0,0,0
data,,,
0,3572671.842201648,3572671.842201648,1.0
1,4673861.980562902,4673861.980562902,1.0
2,787317.9504415037,787317.9504415037,1.0
