,Reference,New,ratio
,0,0,0
data,,,
0,762.4112039057555,762.4112039057555,1.0
