,Reference,New,ratio
,0,0,0
data,,,
0,1.912888918050814,1.912888918050814,1.0
