,Reference,New,ratio
,0,0,0
data,,,
0,0.6101757752170608,0.6101757752170608,1.0
1,0.5774207355560463,0.5774207355560463,1.0
2,0.48064615848268055,0.48064615848268055,1.0
