,Reference,New,ratio
,0,0,0
data,,,
0,159.63030545149448,159.63030545149448,1.0
