,Reference,New,ratio
,0,0,0
data,,,
0,223.15285844812982,223.15285844812982,1.0
1,97.76146712276575,97.76146712276575,1.0
2,47.56818208731971,47.56818208731971,1.0
3,27.114398201631452,27.114398201631452,1.0
4,16.75113881562026,16.75113881562026,1.0
