,Reference,New,ratio
,0,0,0
data,,,
0,1.8597614942892229,1.8597614942892229,1.0
