,Reference,New,ratio
,0,0,0
data,,,
0,59.74487004685417,59.74487004685417,1.0
1,123.7382712209112,123.7382712209112,1.0
2,170.55791138804886,170.55791138804886,1.0
3,210.49735867221355,210.49735867221355,1.0
4,232.8771943597496,232.8771943597496,1.0
5,232.80989696022968,232.80989696022968,1.0
6,210.46706789062415,210.46706789062415,1.0
7,170.4792517467949,170.4792517467949,1.0
8,123.68080768444241,123.68080768444241,1.0
9,59.851930833381154,59.851930833381154,1.0
