,Reference,New,ratio
,0,0,0
data,,,
0,62.22916055637975,62.22916055637975,1.0
