,Reference,New,ratio
,0,0,0
data,,,
0,0.0644515995013384,0.0644515995013384,1.0
1,0.22848787769481035,0.22848787769481035,1.0
2,0.3106285602732305,0.3106285602732305,1.0
3,0.3717859856116519,0.3717859856116519,1.0
4,0.4208384734018722,0.4208384734018722,1.0
5,0.4158243457201198,0.4158243457201198,1.0
6,0.3738139346217376,0.3738139346217376,1.0
7,0.3197762152063099,0.3197762152063099,1.0
8,0.22606083941777613,0.22606083941777613,1.0
