,Reference,New,ratio
,0,0,0
data,,,
0,64.78855327083319,64.78855327083319,1.0
