,Reference,New,ratio
,0,0,0
data,,,
0,229.062198804743,229.062198804743,1.0
