,Reference,New,ratio
,0,0,0
data,,,
1,0.059475562270039826,0.059475562270039826,1.0
2,0.09294114947185453,0.09294114947185453,1.0
3,0.1257138923621556,0.1257138923621556,1.0
4,0.15065307799112362,0.15065307799112362,1.0
5,0.1661794643733467,0.1661794643733467,1.0
6,0.1679817446376935,0.1679817446376935,1.0
7,0.15596855671814217,0.15596855671814217,1.0
8,0.12010634244590009,0.12010634244590009,1.0
9,0.06735091793460189,0.06735091793460189,1.0
