,Reference,New,ratio
,0,0,0
data,,,
0,0.839948770341379,0.839948770341379,1.0
1,0.7168151282250934,0.7168151282250934,1.0
2,0.5182345544658754,0.5182345544658754,1.0
3,0.22282163739868296,0.22282163739868296,1.0
4,0.02058700095590328,0.02058700095590328,1.0
