,Reference,New,ratio
,0,0,0
data,,,
0,220.1267656294652,220.1267656294652,1.0
1,96.65799718070325,96.65799718070325,1.0
2,47.20576143874696,47.20576143874696,1.0
3,26.733688394313475,26.733688394313475,1.0
4,16.474465934193063,16.474465934193063,1.0
