,Reference,New,ratio
,0,0,0
data,,,
0,0.690343924948597,0.690343924948597,1.0
1,0.6397049965032876,0.6397049965032876,1.0
2,0.5002906501382314,0.5002906501382314,1.0
