,Reference,New,ratio
,0,0,0
data,,,
0,0.6344949285360247,0.6344949285360247,1.0
1,0.6108535172702014,0.6108535172702014,1.0
2,0.5278013566512586,0.5278013566512586,1.0
