,Reference,New,ratio
,0,0,0
data,,,
0,0.6855146571497862,0.6855146571497862,1.0
1,0.6192225632506067,0.6192225632506067,1.0
2,0.5017212489253626,0.5017212489253626,1.0
3,0.3571526128248806,0.3571526128248806,1.0
