,Reference,New,ratio
,0,0,0
data,,,
0,168.29324138204913,168.29324138204913,1.0
