,Reference,New,ratio
,0,0,0
data,,,
0,8209.982047728585,8209.982047728585,1.0
1,24328.76350409229,24328.76350409229,1.0
2,12774.777778739244,12774.777778739244,1.0
3,6173.411075099514,6173.411075099514,1.0
4,2808.0552356007775,2808.0552356007775,1.0
5,1178.1364980444841,1178.1364980444841,1.0
