,Reference,New,ratio
,0,0,0
data,,,
0,0.6106832037767242,0.6106832037767242,1.0
1,0.5774919426859029,0.5774919426859029,1.0
2,0.47923806835057886,0.47923806835057886,1.0
