,Reference,New,ratio
,0,0,0
data,,,
0,1.9042444914909216,1.9042444914909216,1.0
