,Reference,New,ratio
,0,0,0
data,,,
0,3331006.7543718973,3331006.7543718973,1.0
1,4311266.7092149155,4311266.7092149155,1.0
2,748770.6262472788,748770.6262472788,1.0
