,Reference,New,ratio
,0,0,0
data,,,
0,0.7224956902692395,0.7224956902692395,1.0
1,0.6845175866085811,0.6845175866085811,1.0
2,0.5609366014421819,0.5609366014421819,1.0
