,Reference,New,ratio
,0,0,0
data,,,
0,811.4705749552837,811.4705749552837,1.0
