,Reference,New,ratio
,0,0,0
data,,,
0,63.233494509833356,63.233494509833356,1.0
1,130.48524773102056,130.48524773102056,1.0
2,182.61932326168485,182.61932326168485,1.0
3,225.59615686405564,225.59615686405564,1.0
4,249.61231922355316,249.61231922355316,1.0
5,249.54063567913946,249.54063567913946,1.0
6,225.52841851881817,225.52841851881817,1.0
7,182.5400537909344,182.5400537909344,1.0
8,130.39840724818475,130.39840724818475,1.0
9,63.37968314365519,63.37968314365519,1.0
