,Reference,New,ratio
,0,0,0
data,,,
0,1.669942746497194,1.669942746497194,1.0
