,Reference,New,ratio
,0,0,0
data,,,
0,1.8499216852570222,1.8499216852570222,1.0
