,Reference,New,ratio
,0,0,0
data,,,
0,61.582414609237716,61.582414609237716,1.0
