,Reference,New,ratio
,0,0,0
data,,,
0,0.06285080317226564,0.06285080317226564,1.0
1,0.22816849903172468,0.22816849903172468,1.0
2,0.3096328789014732,0.3096328789014732,1.0
3,0.3722313416308753,0.3722313416308753,1.0
4,0.42638033289035787,0.42638033289035787,1.0
5,0.42017779499847935,0.42017779499847935,1.0
6,0.3743197786629772,0.3743197786629772,1.0
7,0.32230941168537713,0.32230941168537713,1.0
8,0.22509665136332382,0.22509665136332382,1.0
