,Reference,New,ratio
,0,0,0
data,,,
0,65.12112235183707,65.12112235183707,1.0
