,Reference,New,ratio
,0,0,0
data,,,
0,242.20886710061558,242.20886710061558,1.0
