,Reference,New,ratio
,0,0,0
data,,,
1,0.05726392553811265,0.05726392553811265,1.0
2,0.09285276903307925,0.09285276903307925,1.0
3,0.12479574003641136,0.12479574003641136,1.0
4,0.15169304315823215,0.15169304315823215,1.0
5,0.16889198258750002,0.16889198258750002,1.0
6,0.1732465929974037,0.1732465929974037,1.0
7,0.16003854745153345,0.16003854745153345,1.0
8,0.1265767758239736,0.1265767758239736,1.0
9,0.06922065705372796,0.06922065705372796,1.0
