,Reference,New,ratio
,0,0,0
data,,,
0,240.9970849041818,240.9970849041818,1.0
