,Reference,New,ratio
,0,0,0
data,,,
0,0.6107585762892338,0.6107585762892338,1.0
1,0.5779104827918702,0.5779104827918702,1.0
2,0.48107650755068326,0.48107650755068326,1.0
