,Reference,New,ratio
,0,0,0
data,,,
0,224.17707068174985,224.17707068174985,1.0
1,98.2479517442587,98.2479517442587,1.0
2,47.805388886681534,47.805388886681534,1.0
3,27.297958473620795,27.297958473620795,1.0
4,16.87841142937128,16.87841142937128,1.0
