,Reference,New,ratio
,0,0,0
data,,,
0,1.911702210556092,1.911702210556092,1.0
