,Reference,New,ratio
,0,0,0
data,,,
0,0.6804694747578898,0.6804694747578898,1.0
1,0.6169460439927424,0.6169460439927424,1.0
2,0.5019513849619538,0.5019513849619538,1.0
3,0.3591347609341309,0.3591347609341309,1.0
