,Reference,New,ratio
,0,0,0
data,,,
0,0.8330174106636286,0.8330174106636286,1.0
1,0.7126938738059571,0.7126938738059571,1.0
2,0.5187160569157095,0.5187160569157095,1.0
3,0.22715510881323014,0.22715510881323014,1.0
4,0.02169304890728238,0.02169304890728238,1.0
