,Reference,New,ratio
,0,0,0
data,,,
0,3586213.241061579,3586213.241061579,1.0
1,4696465.200361855,4696465.200361855,1.0
2,790644.5928060247,790644.5928060247,1.0
