,Reference,New,ratio
,0,0,0
data,,,
0,0.722738413218069,0.722738413218069,1.0
1,0.6851617506738109,0.6851617506738109,1.0
2,0.5624635870792886,0.5624635870792886,1.0
