,Reference,New,ratio
,0,0,0
data,,,
0,167.74403812635163,167.74403812635163,1.0
