,Reference,New,ratio
,0,0,0
data,,,
0,0.6917592932537409,0.6917592932537409,1.0
1,0.6403051057430238,0.6403051057430238,1.0
2,0.5019902794368882,0.5019902794368882,1.0
