,Reference,New,ratio
,0,0,0
data,,,
0,62.06272700500436,62.06272700500436,1.0
