,Reference,New,ratio
,0,0,0
data,,,
0,1.858578113397726,1.858578113397726,1.0
