,Reference,New,ratio
,0,0,0
data,,,
0,62.93441932509635,62.93441932509635,1.0
1,130.73134005376986,130.73134005376986,1.0
2,179.218966012739,179.218966012739,1.0
3,221.28304035579725,221.28304035579725,1.0
4,244.8430585597928,244.8430585597928,1.0
5,244.77281113925304,244.77281113925304,1.0
6,221.2483189308008,221.2483189308008,1.0
7,179.13649202873518,179.13649202873518,1.0
8,130.66827815590798,130.66827815590798,1.0
9,63.04953420914836,63.04953420914836,1.0
