,Reference,New,ratio
,0,0,0
data,,,
0,1.6699071950020787,1.6699071950020787,1.0
