,Reference,New,ratio
,0,0,0
data,,,
0,240.78253333750462,240.78253333750462,1.0
