,Reference,New,ratio
,0,0,0
data,,,
0,802.9519785945364,802.9519785945364,1.0
