,Reference,New,ratio
,0,0,0
data,,,
0,69.11373647241857,69.11373647241857,1.0
