,Reference,New,ratio
,0,0,0
data,,,
0,0.06449045163638281,0.06449045163638281,1.0
1,0.2285148434643171,0.2285148434643171,1.0
2,0.3106429987089422,0.3106429987089422,1.0
3,0.3717852979873157,0.3717852979873157,1.0
4,0.42102426231580176,0.42102426231580176,1.0
5,0.41597057452093855,0.41597057452093855,1.0
6,0.37379623929106714,0.37379623929106714,1.0
7,0.3200482007178187,0.3200482007178187,1.0
8,0.22604990762372792,0.22604990762372792,1.0
