,Reference,New,ratio
,0,0,0
data,,,
1,0.05974629136903321,0.05974629136903321,1.0
2,0.09262940105279417,0.09262940105279417,1.0
3,0.12553065252124979,0.12553065252124979,1.0
4,0.15009017538637745,0.15009017538637745,1.0
5,0.1653632778338326,0.1653632778338326,1.0
6,0.1668101090935009,0.1668101090935009,1.0
7,0.15530918765916424,0.15530918765916424,1.0
8,0.11924386761395891,0.11924386761395891,1.0
9,0.06777797573477783,0.06777797573477783,1.0
