,Reference,New,ratio
,0,0,0
data,,,
0,0.7240816533633302,0.7240816533633302,1.0
1,0.6863778429206365,0.6863778429206365,1.0
2,0.5632892479291196,0.5632892479291196,1.0
