,Reference,New,ratio
,0,0,0
data,,,
0,237.4890605298765,237.4890605298765,1.0
