,Reference,New,ratio
,0,0,0
data,,,
0,0.6779610347584689,0.6779610347584689,1.0
1,0.6158395704105999,0.6158395704105999,1.0
2,0.5020249062895648,0.5020249062895648,1.0
3,0.3599125438242785,0.3599125438242785,1.0
