,Reference,New,ratio
,0,0,0
data,,,
0,1.9159758147056944,1.9159758147056944,1.0
