,Reference,New,ratio
,0,0,0
data,,,
0,3579900.073793553,3579900.073793553,1.0
1,4694196.660908482,4694196.660908482,1.0
2,789595.854142884,789595.854142884,1.0
