,Reference,New,ratio
,0,0,0
data,,,
0,0.693374129645016,0.693374129645016,1.0
1,0.6414015594738489,0.6414015594738489,1.0
2,0.5026455996907571,0.5026455996907571,1.0
