,Reference,New,ratio
,0,0,0
data,,,
0,0.6371691166042056,0.6371691166042056,1.0
1,0.6120768328864545,0.6120768328864545,1.0
2,0.5284807626668162,0.5284807626668162,1.0
