,Reference,New,ratio
,0,0,0
data,,,
0,0.8317059132166371,0.8317059132166371,1.0
1,0.711763799305762,0.711763799305762,1.0
2,0.5187233138489961,0.5187233138489961,1.0
3,0.22819828343818108,0.22819828343818108,1.0
4,0.02189540277453502,0.02189540277453502,1.0
