,Reference,New,ratio
,0,0,0
data,,,
0,0.6116702613430137,0.6116702613430137,1.0
1,0.5786840529735632,0.5786840529735632,1.0
2,0.48168012230139906,0.48168012230139906,1.0
