,Reference,New,ratio
,0,0,0
data,,,
0,61.69590895831057,61.69590895831057,1.0
