,Reference,New,ratio
,0,0,0
data,,,
0,1.8628733721490327,1.8628733721490327,1.0
