,Reference,New,ratio
,0,0,0
data,,,
0,62.12972422760521,62.12972422760521,1.0
1,129.73957310337772,129.73957310337772,1.0
2,175.92091048312466,175.92091048312466,1.0
3,217.31320159270368,217.31320159270368,1.0
4,240.4892728445044,240.4892728445044,1.0
5,240.41966800243557,240.41966800243557,1.0
6,217.28148111438878,217.28148111438878,1.0
7,175.83966978991933,175.83966978991933,1.0
8,129.6785980051304,129.6785980051304,1.0
9,62.24189556714525,62.24189556714525,1.0
