,Reference,New,ratio
,0,0,0
data,,,
0,1.671306111582944,1.671306111582944,1.0
