,Reference,New,ratio
,0,0,0
data,,,
0,791.8403621988579,791.8403621988579,1.0
