,Reference,New,ratio
,0,0,0
data,,,
0,237.15814949512196,237.15814949512196,1.0
