,Reference,New,ratio
,0,0,0
data,,,
0,70.2469011937914,70.2469011937914,1.0
