,Reference,New,ratio
,0,0,0
data,,,
0,165.2613496128006,165.2613496128006,1.0
