,Reference,New,ratio
,0,0,0
data,,,
1,0.06001783990665685,0.06001783990665685,1.0
2,0.09201950408312863,0.09201950408312863,1.0
3,0.12501697715550875,0.12501697715550875,1.0
4,0.14893295244902463,0.14893295244902463,1.0
5,0.16372750349827636,0.16372750349827636,1.0
6,0.1645531194866423,0.1645531194866423,1.0
7,0.15364285295126265,0.15364285295126265,1.0
8,0.11717812046896237,0.11717812046896237,1.0
9,0.06743959739818436,0.06743959739818436,1.0
