,Reference,New,ratio
,0,0,0
data,,,
0,1.6709406564560636,1.6709406564560636,1.0
