,Reference,New,ratio
,0,0,0
data,,,
0,165.25479619320168,165.25479619320168,1.0
