,Reference,New,ratio
,0,0,0
data,,,
0,0.822829339822783,0.822829339822783,1.0
1,0.7547527589355956,0.7547527589355956,1.0
2,0.6326101686535235,0.6326101686535235,1.0
3,0.4548452745583111,0.4548452745583111,1.0
