,Reference,New,ratio
,0,0,0
data,,,
0,0.6116583639590198,0.6116583639590198,1.0
1,0.5786729290401255,0.5786729290401255,1.0
2,0.4816738008193186,0.4816738008193186,1.0
