,Reference,New,ratio
,0,0,0
data,,,
0,0.6782261590016648,0.6782261590016648,1.0
1,0.6160151771232596,0.6160151771232596,1.0
2,0.5020556148209421,0.5020556148209421,1.0
3,0.3598099686657297,0.3598099686657297,1.0
