,Reference,New,ratio
,0,0,0
data,,,
0,0.6935917778957432,0.6935917778957432,1.0
1,0.6416331374172527,0.6416331374172527,1.0
2,0.5029100808382515,0.5029100808382515,1.0
