,Reference,New,ratio
,0,0,0
data,,,
0,13604.416412598028,13604.416412598028,1.0
1,19736.730253878635,19736.730253878635,1.0
2,12882.475812994831,12882.475812994831,1.0
3,6457.014365048881,6457.014365048881,1.0
4,2920.90331276297,2920.90331276297,1.0
5,1214.883936910173,1214.883936910173,1.0
