,Reference,New,ratio
,0,0,0
data,,,
0,1.916252060197701,1.916252060197701,1.0
