,Reference,New,ratio
,0,0,0
data,,,
0,3566026.055351509,3566026.055351509,1.0
1,4677626.678898104,4677626.678898104,1.0
2,786818.9343277977,786818.9343277977,1.0
