,Reference,New,ratio
,0,0,0
data,,,
0,0.724277989000808,0.724277989000808,1.0
1,0.6865915291014174,0.6865915291014174,1.0
2,0.5635424766775823,0.5635424766775823,1.0
