,Reference,New,ratio
,0,0,0
data,,,
0,237.51412971809054,237.51412971809054,1.0
