,Reference,New,ratio
,0,0,0
data,,,
0,0.637162203374153,0.637162203374153,1.0
1,0.6120713693154177,0.6120713693154177,1.0
2,0.5284772572344354,0.5284772572344354,1.0
