,Reference,New,ratio
,0,0,0
data,,,
0,61.578557617169025,61.578557617169025,1.0
