,Reference,New,ratio
,0,0,0
data,,,
0,62.104720583247534,62.104720583247534,1.0
1,129.77942089158952,129.77942089158952,1.0
2,176.03816905723946,176.03816905723946,1.0
3,217.50648989045408,217.50648989045408,1.0
4,240.72790393633704,240.72790393633704,1.0
5,240.65829926965233,240.65829926965233,1.0
6,217.47451047422282,217.47451047422282,1.0
7,175.95707192677685,175.95707192677685,1.0
8,129.71841668031186,129.71841668031186,1.0
9,62.21682006694953,62.21682006694953,1.0
