,Reference,New,ratio
,0,0,0
data,,,
0,1.8633010756844404,1.8633010756844404,1.0
