,Reference,New,ratio
,0,0,0
data,,,
0,792.2739558430828,792.2739558430828,1.0
