,Reference,New,ratio
,0,0,0
data,,,
0,70.21733425081806,70.21733425081806,1.0
