,Reference,New,ratio
,0,0,0
data,,,
0,237.18318252798778,237.18318252798778,1.0
