,Reference,New,ratio
,0,0,0
data,,,
0,0.0647484673056407,0.0647484673056407,1.0
1,0.22849878647448296,0.22849878647448296,1.0
2,0.31083673714312177,0.31083673714312177,1.0
3,0.3718262273740515,0.3718262273740515,1.0
4,0.4207223993892123,0.4207223993892123,1.0
5,0.4156741973460797,0.4156741973460797,1.0
6,0.3738583541290647,0.3738583541290647,1.0
7,0.3200813569363406,0.3200813569363406,1.0
8,0.22605533411349923,0.22605533411349923,1.0
