,Reference,New,ratio
,0,0,0
data,,,
1,0.05995436130837591,0.05995436130837591,1.0
2,0.09191832115510606,0.09191832115510606,1.0
3,0.12488482198576147,0.12488482198576147,1.0
4,0.1487782296697078,0.1487782296697078,1.0
5,0.16355902184740737,0.16355902184740737,1.0
6,0.16438031124442037,0.16438031124442037,1.0
7,0.15347374490424698,0.15347374490424698,1.0
8,0.11702055921374345,0.11702055921374345,1.0
9,0.06729991423267026,0.06729991423267026,1.0
