,Reference,New,ratio
,0,0,0
data,,,
0,0.8232459256834722,0.8232459256834722,1.0
1,0.7546415066896273,0.7546415066896273,1.0
2,0.6321455134372722,0.6321455134372722,1.0
3,0.4548692813551444,0.4548692813551444,1.0
