,Reference,New,ratio
,0,0,0
data,,,
0,0.7227711970388025,0.7227711970388025,1.0
1,0.6852236289482607,0.6852236289482607,1.0
2,0.5625928781018521,0.5625928781018521,1.0
