,Reference,New,ratio
,0,0,0
data,,,
0,1.911546909021433,1.911546909021433,1.0
