,Reference,New,ratio
,0,0,0
data,,,
0,0.6100519405141925,0.6100519405141925,1.0
1,0.5773244539019265,0.5773244539019265,1.0
2,0.4806206654838572,0.4806206654838572,1.0
