,Reference,New,ratio
,0,0,0
data,,,
0,0.6916096987794865,0.6916096987794865,1.0
1,0.6404740533585133,0.6404740533585133,1.0
2,0.5022079022822352,0.5022079022822352,1.0
