,Reference,New,ratio
,0,0,0
data,,,
0,159.6310877418985,159.6310877418985,1.0
