,Reference,New,ratio
,0,0,0
data,,,
0,3589538.154482677,3589538.154482677,1.0
1,4696551.011863951,4696551.011863951,1.0
2,790425.0629362083,790425.0629362083,1.0
