,Reference,New,ratio
,0,0,0
data,,,
0,10877.343022406101,10877.343022406101,1.0
1,22039.88499292072,22039.88499292072,1.0
2,13394.706357341374,13394.706357341374,1.0
3,6572.167703167175,6572.167703167175,1.0
4,2955.5723158465366,2955.5723158465366,1.0
5,1222.6832094548522,1222.6832094548522,1.0
