,Reference,New,ratio
,0,0,0
data,,,
0,223.5238821921573,223.5238821921573,1.0
1,97.89293569899786,97.89293569899786,1.0
2,47.61819307770415,47.61819307770415,1.0
3,27.13677957229055,27.13677957229055,1.0
4,16.761944340413645,16.761944340413645,1.0
