,Reference,New,ratio
,0,0,0
data,,,
0,229.22782270761593,229.22782270761593,1.0
