,Reference,New,ratio
,0,0,0
data,,,
0,0.6352480062586148,0.6352480062586148,1.0
1,0.6107065164782749,0.6107065164782749,1.0
2,0.5277940214804532,0.5277940214804532,1.0
