,Reference,New,ratio
,0,0,0
data,,,
0,59.751397245838426,59.751397245838426,1.0
1,123.76605186840423,123.76605186840423,1.0
2,170.60988352386445,170.60988352386445,1.0
3,210.5757100707636,210.5757100707636,1.0
4,232.9727342236474,232.9727342236474,1.0
5,232.90549643535616,232.90549643535616,1.0
6,210.54549330698438,210.54549330698438,1.0
7,170.5311477686339,170.5311477686339,1.0
8,123.70862280838116,123.70862280838116,1.0
9,59.8583679700245,59.8583679700245,1.0
