,Reference,New,ratio
,0,0,0
data,,,
0,62.34479490396253,62.34479490396253,1.0
