,Reference,New,ratio
,0,0,0
data,,,
0,1.858400170043345,1.858400170043345,1.0
