,Reference,New,ratio
,0,0,0
data,,,
0,1.6689497172086696,1.6689497172086696,1.0
