,Reference,New,ratio
,0,0,0
data,,,
0,0.06442586080178976,0.06442586080178976,1.0
1,0.22850266406209527,0.22850266406209527,1.0
2,0.31065413663912134,0.31065413663912134,1.0
3,0.37181500733027895,0.37181500733027895,1.0
4,0.42086718922292515,0.42086718922292515,1.0
5,0.4158579589678976,0.4158579589678976,1.0
6,0.3738436159375742,0.3738436159375742,1.0
7,0.31979698372082377,0.31979698372082377,1.0
8,0.22607904339869314,0.22607904339869314,1.0
