,Reference,New,ratio
,0,0,0
data,,,
0,229.08243210229566,229.08243210229566,1.0
