,Reference,New,ratio
,0,0,0
data,,,
0,762.6333755013322,762.6333755013322,1.0
