,Reference,New,ratio
,0,0,0
data,,,
0,64.7716171648538,64.7716171648538,1.0
