,Reference,New,ratio
,0,0,0
data,,,
0,802.2790175736252,802.2790175736252,1.0
