,Reference,New,ratio
,0,0,0
data,,,
0,3583235.514076582,3583235.514076582,1.0
1,4690305.270968272,4690305.270968272,1.0
2,790315.0195062339,790315.0195062339,1.0
