,Reference,New,ratio
,0,0,0
data,,,
0,240.9502307287,240.9502307287,1.0
