,Reference,New,ratio
,0,0,0
data,,,
0,0.8227318311467062,0.8227318311467062,1.0
1,0.7544134895788301,0.7544134895788301,1.0
2,0.632198982423977,0.632198982423977,1.0
3,0.4549167182317018,0.4549167182317018,1.0
