,Reference,New,ratio
,0,0,0
data,,,
0,0.7230569404823393,0.7230569404823393,1.0
1,0.6854348721475592,0.6854348721475592,1.0
2,0.5626025196482805,0.5626025196482805,1.0
