,Reference,New,ratio
,0,0,0
data,,,
0,0.6801487785559595,0.6801487785559595,1.0
1,0.6167354183707088,0.6167354183707088,1.0
2,0.5019136665520253,0.5019136665520253,1.0
3,0.359249115069851,0.359249115069851,1.0
