,Reference,New,ratio
,0,0,0
data,,,
0,1.9127651918918553,1.9127651918918553,1.0
