,Reference,New,ratio
,0,0,0
data,,,
0,167.7497381248836,167.7497381248836,1.0
