,Reference,New,ratio
,0,0,0
data,,,
0,1.670218494892063,1.670218494892063,1.0
