,Reference,New,ratio
,0,0,0
data,,,
0,0.6361742835022953,0.6361742835022953,1.0
1,0.6114016575773258,0.6114016575773258,1.0
2,0.5281495241080983,0.5281495241080983,1.0
