,Reference,New,ratio
,0,0,0
data,,,
0,0.6920765676840427,0.6920765676840427,1.0
1,0.6405622348607964,0.6405622348607964,1.0
2,0.5020910599602547,0.5020910599602547,1.0
