,Reference,New,ratio
,0,0,0
data,,,
0,0.6108950583932568,0.6108950583932568,1.0
1,0.5780184898020069,0.5780184898020069,1.0
2,0.4811085596103393,0.4811085596103393,1.0
