,Reference,New,ratio
,0,0,0
data,,,
0,62.95286107517877,62.95286107517877,1.0
1,130.66187852934945,130.66187852934945,1.0
2,179.0450447134282,179.0450447134282,1.0
3,221.00419715095902,221.00419715095902,1.0
4,244.50014203354147,244.50014203354147,1.0
5,244.42982898070733,244.42982898070733,1.0
6,220.96966464124606,220.96966464124606,1.0
7,178.96250460501273,178.96250460501273,1.0
8,130.59880828028128,130.59880828028128,1.0
9,63.06814528090426,63.06814528090426,1.0
