,Reference,New,ratio
,0,0,0
data,,,
0,62.065647142225856,62.065647142225856,1.0
