,Reference,New,ratio
,0,0,0
data,,,
0,1.8595091272034328,1.8595091272034328,1.0
