,Reference,New,ratio
,0,0,0
data,,,
0,240.73572087472152,240.73572087472152,1.0
