,Reference,New,ratio
,0,0,0
data,,,
0,69.16084971944069,69.16084971944069,1.0
