,Reference,New,ratio
,0,0,0
data,,,
0,0.06461628976091294,0.06461628976091294,1.0
1,0.22854832884830545,0.22854832884830545,1.0
2,0.31055322633351756,0.31055322633351756,1.0
3,0.3715863261210144,0.3715863261210144,1.0
4,0.4207675012266029,0.4207675012266029,1.0
5,0.41569714288921394,0.41569714288921394,1.0
6,0.37360019358837826,0.37360019358837826,1.0
7,0.3199648527633041,0.3199648527633041,1.0
8,0.22608072013887703,0.22608072013887703,1.0
