,Reference,New,ratio
,0,0,0
data,,,
1,0.05975145483123406,0.05975145483123406,1.0
2,0.09263890340111168,0.09263890340111168,1.0
3,0.1255458097571531,0.1255458097571531,1.0
4,0.15011416881496126,0.15011416881496126,1.0
5,0.16540116238292388,0.16540116238292388,1.0
6,0.16686861903196884,0.16686861903196884,1.0
7,0.1553944069768946,0.1553944069768946,1.0
8,0.11935954347818942,0.11935954347818942,1.0
9,0.06792167654384344,0.06792167654384344,1.0
