,Reference,New,ratio
,0,0,0
data,,,
0,14394.878815080234,14394.878815080234,1.0
1,39729.4835099831,39729.4835099831,1.0
2,57683.72849041435,57683.72849041435,1.0
3,64855.311843201605,64855.311843201605,1.0
4,59348.67031312788,59348.67031312788,1.0
5,39953.3452358734,39953.3452358734,1.0
6,17594.357256296153,17594.357256296153,1.0
7,4376.982112660433,4376.982112660433,1.0
8,393.2017878203221,393.2017878203221,1.0
