,Reference,New,ratio
,0,0,0
data,,,
0,207.55711389356955,207.55711389356955,1.0
