,Reference,New,ratio
,0,0,0
data,,,
0,0.6992043812573133,0.6992043812573133,1.0
1,0.6484399968373662,0.6484399968373662,1.0
2,0.5073083955757755,0.5073083955757755,1.0
