,Reference,New,ratio
,0,0,0
data,,,
0,684.2682531910735,684.2682531910735,1.0
