,Reference,New,ratio
,0,0,0
data,,,
0,0.8343627811021239,0.8343627811021239,1.0
1,0.7134122694670854,0.7134122694670854,1.0
2,0.5182332484160165,0.5182332484160165,1.0
3,0.2258574941343323,0.2258574941343323,1.0
4,0.02157720738787678,0.02157720738787678,1.0
