,Reference,New,ratio
,0,0,0
data,,,
0,3349052.689645369,3349052.689645369,1.0
1,4354315.566722417,4354315.566722417,1.0
2,741553.6223676107,741553.6223676107,1.0
