,Reference,New,ratio
,0,0,0
data,,,
0,1.9291838791976976,1.9291838791976976,1.0
