,Reference,New,ratio
,0,0,0
data,,,
0,0.6334459037087034,0.6334459037087034,1.0
1,0.609480505189515,0.609480505189515,1.0
2,0.5268690320984387,0.5268690320984387,1.0
