,Reference,New,ratio
,0,0,0
data,,,
0,0.6088235689052802,0.6088235689052802,1.0
1,0.576168151542517,0.576168151542517,1.0
2,0.47878377763682106,0.47878377763682106,1.0
