,Reference,New,ratio
,0,0,0
data,,,
0,144.97187445896307,144.97187445896307,1.0
