,Reference,New,ratio
,0,0,0
data,,,
0,0.731144731041232,0.731144731041232,1.0
1,0.6928536745970506,0.6928536745970506,1.0
2,0.567989483464832,0.567989483464832,1.0
