,Reference,New,ratio
,0,0,0
data,,,
0,1.6681483076286276,1.6681483076286276,1.0
