,Reference,New,ratio
,0,0,0
data,,,
0,61.745675080903176,61.745675080903176,1.0
