,Reference,New,ratio
,0,0,0
data,,,
0,53.300361642804916,53.300361642804916,1.0
1,110.00547931288794,110.00547931288794,1.0
2,154.0580336733993,154.0580336733993,1.0
3,190.1583896624626,190.1583896624626,1.0
4,210.44886293619666,210.44886293619666,1.0
5,210.38754745192705,210.38754745192705,1.0
6,190.14334326551784,190.14334326551784,1.0
7,153.98599171629792,153.98599171629792,1.0
8,109.96673686872532,109.96673686872532,1.0
9,53.3828533068267,53.3828533068267,1.0
