,Reference,New,ratio
,0,0,0
data,,,
0,56.87066329490234,56.87066329490234,1.0
