,Reference,New,ratio
,0,0,0
data,,,
1,0.05705952129209339,0.05705952129209339,1.0
2,0.09243151314180935,0.09243151314180935,1.0
3,0.12393265018333978,0.12393265018333978,1.0
4,0.14995365913005063,0.14995365913005063,1.0
5,0.16602273741794427,0.16602273741794427,1.0
6,0.16893503560169784,0.16893503560169784,1.0
7,0.15412755526490882,0.15412755526490882,1.0
8,0.11887391049771245,0.11887391049771245,1.0
9,0.060029599182783215,0.060029599182783215,1.0
