,Reference,New,ratio
,0,0,0
data,,,
0,13338.14548641074,13338.14548641074,1.0
1,36836.29496128393,36836.29496128393,1.0
2,53577.391994833975,53577.391994833975,1.0
3,60387.341001104985,60387.341001104985,1.0
4,55355.02315014174,55355.02315014174,1.0
5,37278.34941825668,37278.34941825668,1.0
6,16395.842487408325,16395.842487408325,1.0
7,4057.4299464231435,4057.4299464231435,1.0
8,363.2674698326321,363.2674698326321,1.0
