,Reference,New,ratio
,0,0,0
data,,,
0,1.904249252852662,1.904249252852662,1.0
