,Reference,New,ratio
,0,0,0
data,,,
0,0.6859826477954956,0.6859826477954956,1.0
1,0.6358675528037888,0.6358675528037888,1.0
2,0.49783789764249353,0.49783789764249353,1.0
