,Reference,New,ratio
,0,0,0
data,,,
0,0.7184102232360551,0.7184102232360551,1.0
1,0.6807644074798836,0.6807644074798836,1.0
2,0.5582625924439588,0.5582625924439588,1.0
