,Reference,New,ratio
,0,0,0
data,,,
0,0.6307570209937232,0.6307570209937232,1.0
1,0.607674515281098,0.607674515281098,1.0
2,0.526347425719232,0.526347425719232,1.0
