,Reference,New,ratio
,0,0,0
data,,,
0,0.6068699081459359,0.6068699081459359,1.0
1,0.5744508468610744,0.5744508468610744,1.0
2,0.47826519170649145,0.47826519170649145,1.0
