,Reference,New,ratio
,0,0,0
data,,,
0,224.40982984964984,224.40982984964984,1.0
1,98.14971747954911,98.14971747954911,1.0
2,47.760046007380545,47.760046007380545,1.0
3,26.9726358970321,26.9726358970321,1.0
4,16.585233609235743,16.585233609235743,1.0
