,Reference,New,ratio
,0,0,0
data,,,
0,242.7736831722969,242.7736831722969,1.0
