,Reference,New,ratio
,0,0,0
data,,,
0,3544325.361510813,3544325.361510813,1.0
1,4599644.5455719475,4599644.5455719475,1.0
2,787514.4447162652,787514.4447162652,1.0
