,Reference,New,ratio
,0,0,0
data,,,
0,1.8491208619330288,1.8491208619330288,1.0
