,Reference,New,ratio
,0,0,0
data,,,
0,1.6769487426878333,1.6769487426878333,1.0
