,Reference,New,ratio
,0,0,0
data,,,
0,62.72239445060599,62.72239445060599,1.0
