,Reference,New,ratio
,0,0,0
data,,,
0,0.06322130767627046,0.06322130767627046,1.0
1,0.2283707638150969,0.2283707638150969,1.0
2,0.30940558579099836,0.30940558579099836,1.0
3,0.3716395884572593,0.3716395884572593,1.0
4,0.42545170363582635,0.42545170363582635,1.0
5,0.41926032318744927,0.41926032318744927,1.0
6,0.3736900786292956,0.3736900786292956,1.0
7,0.32205690526112873,0.32205690526112873,1.0
8,0.22533764777904863,0.22533764777904863,1.0
