,Reference,New,ratio
,0,0,0
data,,,
0,168.7805849736395,168.7805849736395,1.0
