,Reference,New,ratio
,0,0,0
data,,,
0,65.3835961907183,65.3835961907183,1.0
