,Reference,New,ratio
,0,0,0
data,,,
0,811.5476324062954,811.5476324062954,1.0
