,Reference,New,ratio
,0,0,0
data,,,
1,0.05819726962584331,0.05819726962584331,1.0
2,0.09438099663165177,0.09438099663165177,1.0
3,0.1268819962466615,0.1268819962466615,1.0
4,0.15427375592705816,0.15427375592705816,1.0
5,0.17189382443035836,0.17189382443035836,1.0
6,0.17655931907378086,0.17655931907378086,1.0
7,0.16355091364907945,0.16355091364907945,1.0
8,0.130127824140128,0.130127824140128,1.0
9,0.07264886671663517,0.07264886671663517,1.0
