,Reference,New,ratio
,0,0,0
data,,,
0,14405.239902286576,14405.239902286576,1.0
1,39844.938992615,39844.938992615,1.0
2,58087.77429526598,58087.77429526598,1.0
3,65685.16640483848,65685.16640483848,1.0
4,60447.1168176865,60447.1168176865,1.0
5,41012.78540353597,41012.78540353597,1.0
6,18253.26884805114,18253.26884805114,1.0
7,4579.106337568116,4579.106337568116,1.0
8,417.09173321520893,417.09173321520893,1.0
