,Reference,New,ratio
,0,0,0
data,,,
0,1.670037164719302,1.6698532749817256,1.0001101232906695
