,Reference,New,ratio
,0,0,0
data,,,
0,1.9136383089585354,1.9130379937582738,1.0003138020270481
