,Reference,New,ratio
,0,0,0
data,,,
0,12025.932853737579,12033.084719230665,0.9994056498678467
1,21234.373934219595,21260.10625943806,0.998789642680782
2,13165.789933364667,13164.114274463429,1.0001272899084817
3,6510.1846712786855,6512.064449837351,0.9997113390733238
4,2935.236499412334,2936.9688989583333,0.9994101403162241
5,1215.382689886177,1218.5005720852482,0.9974412140047375
