,Reference,New,ratio
,0,0,0
data,,,
0,61.994722707054024,61.94746860103221,1.0007628093139067
