,Reference,New,ratio
,0,0,0
data,,,
0,1.8605060848240687,1.8599327263494225,1.0003082683940787
