,Reference,New,ratio
,0,0,0
data,,,
0,803.3883735385734,802.7188694909901,1.0008340454834554
