,Reference,New,ratio
,0,0,0
data,,,
0,63.366975907723486,69.13172719353382,0.9166120749497267
