,Reference,New,ratio
,0,0,0
data,,,
0,167.8444312446988,167.74317759947868,1.0006036230305704
