,Reference,New,ratio
,0,0,0
data,,,
0,241.13797205288003,240.9758324071488,1.0006728460863132
