,Reference,New,ratio
,0,0,0
data,,,
0,1.1328383186922715,1.1344383383529382,0.9985895930994454
1,1.1559802852888432,1.1565261824171829,0.9995279854994733
2,1.1587784791061437,1.1585321385267633,1.0002126316320354
3,1.137036272449584,1.1367992206482078,1.0002085256543727
4,1.1227771853625668,1.1221122099782816,1.0005926104166516
5,1.1364438535792225,1.1380732263508468,0.9985683058577445
