,Reference,New,ratio
,0,0,0
data,,,
0,0.8322371681847703,0.8322371681847703,1.0
1,0.7120664155363222,0.7120664155363222,1.0
2,0.5187289075549008,0.5187289075549008,1.0
3,0.22790463262757174,0.22790463262757174,1.0
4,0.021776821397236502,0.021776821397236502,1.0
