,Reference,New,ratio
,0,0,0
data,,,
0,1.6709942220758633,1.6709942220758633,1.0
