,Reference,New,ratio
,0,0,0
data,,,
0,0.6930563109850963,0.6930563109850963,1.0
1,0.6411441226873978,0.6411441226873978,1.0
2,0.5025446236301166,0.5025446236301166,1.0
