,Reference,New,ratio
,0,0,0
data,,,
0,224.46639000498692,224.46639000498692,1.0
1,98.45679847982689,98.45679847982689,1.0
2,47.92270057807471,47.92270057807471,1.0
3,27.43732961841768,27.43732961841768,1.0
4,16.986972887263942,16.986972887263942,1.0
