,Reference,New,ratio
,0,0,0
data,,,
0,0.7237626674256684,0.7237626674256684,1.0
1,0.6861043115260876,0.6861043115260876,1.0
2,0.5631500337552929,0.5631500337552929,1.0
