,Reference,New,ratio
,0,0,0
data,,,
0,0.6370486882303704,0.6370486882303704,1.0
1,0.6119786712744348,0.6119786712744348,1.0
2,0.528439217908236,0.528439217908236,1.0
