,Reference,New,ratio
,0,0,0
data,,,
0,792.5044132917594,792.5044132917594,1.0
