,Reference,New,ratio
,0,0,0
data,,,
0,237.53505319620243,237.53505319620243,1.0
