,Reference,New,ratio
,0,0,0
data,,,
0,3582874.4574254146,3582874.4574254146,1.0
1,4700355.235126455,4700355.235126455,1.0
2,789925.5262521046,789925.5262521046,1.0
