,Reference,New,ratio
,0,0,0
data,,,
0,165.25558744191105,165.25558744191105,1.0
