,Reference,New,ratio
,0,0,0
data,,,
0,1.9149103847184497,1.9149103847184497,1.0
