,Reference,New,ratio
,0,0,0
data,,,
0,13718.883682788111,13718.883682788111,1.0
1,19978.227267055496,19978.227267055496,1.0
2,13029.977874887614,13029.977874887614,1.0
3,6514.702858684321,6514.702858684321,1.0
4,2940.69765673374,2940.69765673374,1.0
5,1220.7186895515242,1220.7186895515242,1.0
