,Reference,New,ratio
,0,0,0
data,,,
0,0.6115338139377589,0.6115338139377589,1.0
1,0.578576105618805,0.578576105618805,1.0
2,0.481648126280976,0.481648126280976,1.0
