,Reference,New,ratio
,0,0,0
data,,,
0,61.6930317425368,61.6930317425368,1.0
