,Reference,New,ratio
,0,0,0
data,,,
0,62.1114714788854,62.1114714788854,1.0
1,129.8084877167035,129.8084877167035,1.0
2,176.09171349818615,176.09171349818615,1.0
3,217.58733107758079,217.58733107758079,1.0
4,240.82653261318308,240.82653261318308,1.0
5,240.7569903286033,240.7569903286033,1.0
6,217.55542885827992,217.55542885827992,1.0
7,176.0105370139195,176.0105370139195,1.0
8,129.74751998003205,129.74751998003205,1.0
9,62.223476829613865,62.223476829613865,1.0
