,Reference,New,ratio
,0,0,0
data,,,
0,1.8619400671931061,1.8619400671931061,1.0
