,Reference,New,ratio
,0,0,0
data,,,
0,0.06472262014753662,0.06472262014753662,1.0
1,0.22851356192647854,0.22851356192647854,1.0
2,0.3108623076436281,0.3108623076436281,1.0
3,0.3718552363884954,0.3718552363884954,1.0
4,0.42075107034547626,0.42075107034547626,1.0
5,0.41570780174178146,0.41570780174178146,1.0
6,0.3738880251794393,0.3738880251794393,1.0
7,0.3201020771983535,0.3201020771983535,1.0
8,0.2260735578302985,0.2260735578302985,1.0
