,Reference,New,ratio
,0,0,0
data,,,
0,237.20407621750056,237.20407621750056,1.0
