,Reference,New,ratio
,0,0,0
data,,,
0,70.19901831019473,70.19901831019473,1.0
