,Reference,New,ratio
,0,0,0
data,,,
1,0.06001270124458871,0.06001270124458871,1.0
2,0.09201003630908995,0.09201003630908995,1.0
3,0.12500184471851833,0.12500184471851833,1.0
4,0.14890895475255375,0.14890895475255375,1.0
5,0.16368956467438797,0.16368956467438797,1.0
6,0.16449448619659526,0.16449448619659526,1.0
7,0.153557462349043,0.153557462349043,1.0
8,0.11706222301456508,0.11706222301456508,1.0
9,0.06729570081152986,0.06729570081152986,1.0
