,Reference,New,ratio
,0,0,0
data,,,
0,3586558.6639434225,3586558.6639434225,1.0
1,4690402.245808547,4690402.245808547,1.0
2,790094.8782070989,790094.8782070989,1.0
