,Reference,New,ratio
,0,0,0
data,,,
0,0.7230897014975528,0.7230897014975528,1.0
1,0.6854967896407577,0.6854967896407577,1.0
2,0.5627320078741759,0.5627320078741759,1.0
