,Reference,New,ratio
,0,0,0
data,,,
0,0.6353679173353731,0.6353679173353731,1.0
1,0.6108043275820703,0.6108043275820703,1.0
2,0.5278354248406284,0.5278354248406284,1.0
