,Reference,New,ratio
,0,0,0
data,,,
0,229.18343956356998,229.18343956356998,1.0
