,Reference,New,ratio
,0,0,0
data,,,
0,223.56384528162727,223.56384528162727,1.0
1,97.91282113944925,97.91282113944925,1.0
2,47.62888507618203,47.62888507618203,1.0
3,27.14331380048883,27.14331380048883,1.0
4,16.766211351372547,16.766211351372547,1.0
