,Reference,New,ratio
,0,0,0
data,,,
0,1.9126108809859028,1.9126108809859028,1.0
