,Reference,New,ratio
,0,0,0
data,,,
0,0.6101878839268752,0.6101878839268752,1.0
1,0.577432014385261,0.577432014385261,1.0
2,0.4806525145121459,0.4806525145121459,1.0
