,Reference,New,ratio
,0,0,0
data,,,
0,0.8326021082249162,0.8326021082249162,1.0
1,0.7125164462217809,0.7125164462217809,1.0
2,0.518659030760664,0.518659030760664,1.0
3,0.22717240481121573,0.22717240481121573,1.0
4,0.021808546398172615,0.021808546398172615,1.0
