,Reference,New,ratio
,0,0,0
data,,,
0,0.6919267673917067,0.6919267673917067,1.0
1,0.6407311563578069,0.6407311563578069,1.0
2,0.5023088483745876,0.5023088483745876,1.0
