,Reference,New,ratio
,0,0,0
data,,,
0,1.8593320804283942,1.8593320804283942,1.0
