,Reference,New,ratio
,0,0,0
data,,,
0,1.6692615420592403,1.6692615420592403,1.0
