,Reference,New,ratio
,0,0,0
data,,,
0,62.34765815058829,62.34765815058829,1.0
