,Reference,New,ratio
,0,0,0
data,,,
0,761.9941383614054,761.9941383614054,1.0
