,Reference,New,ratio
,0,0,0
data,,,
0,159.6366617356929,159.6366617356929,1.0
