,Reference,New,ratio
,0,0,0
data,,,
0,0.06455147740069374,0.06455147740069374,1.0
1,0.22853616154611286,0.22853616154611286,1.0
2,0.31056439327303803,0.31056439327303803,1.0
3,0.3716161456259258,0.3716161456259258,1.0
4,0.42061018388626786,0.42061018388626786,1.0
5,0.41558469011796906,0.41558469011796906,1.0
6,0.3736475305118141,0.3736475305118141,1.0
7,0.3197135085496229,0.3197135085496229,1.0
8,0.22610994438799253,0.22610994438799253,1.0
