,Reference,New,ratio
,0,0,0
data,,,
1,0.059538960743387374,0.059538960743387374,1.0
2,0.09304217745924666,0.09304217745924666,1.0
3,0.12584584444812538,0.12584584444812538,1.0
4,0.15080751358408967,0.15080751358408967,1.0
5,0.1663475937513132,0.1663475937513132,1.0
6,0.1681541597110838,0.1681541597110838,1.0
7,0.15613739574344668,0.15613739574344668,1.0
8,0.12026372223646122,0.12026372223646122,1.0
9,0.06749062227393435,0.06749062227393435,1.0
