,Reference,New,ratio
,0,0,0
data,,,
0,14331.154110235071,14331.154110235071,1.0
1,39588.30826029203,39588.30826029203,1.0
2,57549.1899011296,57549.1899011296,1.0
3,64796.376845068524,64796.376845068524,1.0
4,59378.4181261295,59378.4181261295,1.0
5,40021.44084453877,40021.44084453877,1.0
6,17642.022902103752,17642.022902103752,1.0
7,4391.431178085152,4391.431178085152,1.0
8,395.1080032649962,395.1080032649962,1.0
