,Reference,New,ratio
,0,0,0
data,,,
0,0.6314377744902793,0.6314377744902793,1.0
1,0.6082291747158569,0.6082291747158569,1.0
2,0.5265750358827304,0.5265750358827304,1.0
