,Reference,New,ratio
,0,0,0
data,,,
0,0.8375791732268839,0.8375791732268839,1.0
1,0.7154678900948358,0.7154678900948358,1.0
2,0.5182449920732533,0.5182449920732533,1.0
3,0.22410999388240638,0.22410999388240638,1.0
4,0.02108407934214131,0.02108407934214131,1.0
