,Reference,New,ratio
,0,0,0
data,,,
0,3434802.1409231904,3434802.1409231904,1.0
1,4455682.595567592,4455682.595567592,1.0
2,766538.7348999016,766538.7348999016,1.0
