,Reference,New,ratio
,0,0,0
data,,,
0,0.6885983034963199,0.6885983034963199,1.0
1,0.6382536665464942,0.6382536665464942,1.0
2,0.49961055264592685,0.49961055264592685,1.0
