,Reference,New,ratio
,0,0,0
data,,,
0,0.6076208339752126,0.6076208339752126,1.0
1,0.5750323846669125,0.5750323846669125,1.0
2,0.47841668251632113,0.47841668251632113,1.0
