,Reference,New,ratio
,0,0,0
data,,,
0,813.0972662331706,813.0972662331706,1.0
