,Reference,New,ratio
,0,0,0
data,,,
0,0.7209737896642926,0.7209737896642926,1.0
1,0.6831915525874939,0.6831915525874939,1.0
2,0.5602295243441847,0.5602295243441847,1.0
