,Reference,New,ratio
,0,0,0
data,,,
0,169.75055287930445,169.75055287930445,1.0
