,Reference,New,ratio
,0,0,0
data,,,
0,1.9100313029580038,1.9100313029580038,1.0
