,Reference,New,ratio
,0,0,0
data,,,
0,61.731798523820984,61.731798523820984,1.0
