,Reference,New,ratio
,0,0,0
data,,,
0,1.8550208149136662,1.8550208149136662,1.0
