,Reference,New,ratio
,0,0,0
data,,,
0,63.76125701930097,63.76125701930097,1.0
1,130.95350708151219,130.95350708151219,1.0
2,182.84111571413914,182.84111571413914,1.0
3,225.52826840826103,225.52826840826103,1.0
4,249.35949985321366,249.35949985321366,1.0
5,249.28559010126824,249.28559010126824,1.0
6,225.46190397835346,225.46190397835346,1.0
7,182.75972105000446,182.75972105000446,1.0
8,130.8665421901831,130.8665421901831,1.0
9,63.90850204137709,63.90850204137709,1.0
