,Reference,New,ratio
,0,0,0
data,,,
0,1.6764895148153434,1.6764895148153434,1.0
