,Reference,New,ratio
,0,0,0
data,,,
0,65.92861183580126,65.92861183580126,1.0
