,Reference,New,ratio
,0,0,0
data,,,
0,243.9412060663053,243.9412060663053,1.0
