,Reference,New,ratio
,0,0,0
data,,,
1,0.057904284053811705,0.057904284053811705,1.0
2,0.09392426450418866,0.09392426450418866,1.0
3,0.12630698758514047,0.12630698758514047,1.0
4,0.1536468075755294,0.1536468075755294,1.0
5,0.1712891201810917,0.1712891201810917,1.0
6,0.17606259847680997,0.17606259847680997,1.0
7,0.16322864225098307,0.16322864225098307,1.0
8,0.1300346150947743,0.1300346150947743,1.0
9,0.07279331466111484,0.07279331466111484,1.0
