,Reference,New,ratio
,0,0,0
data,,,
0,0.7297043709503213,0.7297043709503213,1.0
1,0.6916024923965556,0.6916024923965556,1.0
2,0.5673315169457829,0.5673315169457829,1.0
