,Reference,New,ratio
,0,0,0
data,,,
0,0.6974979671540544,0.6974979671540544,1.0
1,0.6470187285811548,0.6470187285811548,1.0
2,0.5066365858968399,0.5066365858968399,1.0
