,Reference,New,ratio
,0,0,0
data,,,
0,0.8219190082518717,0.8219190082518717,1.0
1,0.753108131579079,0.753108131579079,1.0
2,0.6307992287486921,0.6307992287486921,1.0
3,0.45487936460575207,0.45487936460575207,1.0
