,Reference,New,ratio
,0,0,0
data,,,
0,0.6058867087380873,0.6058867087380873,1.0
1,0.5738098864482759,0.5738098864482759,1.0
2,0.4780001058300838,0.4780001058300838,1.0
