,Reference,New,ratio
,0,0,0
data,,,
0,209.00324795229722,209.00324795229722,1.0
