,Reference,New,ratio
,0,0,0
data,,,
0,1.9349390018358872,1.9349390018358872,1.0
