,Reference,New,ratio
,0,0,0
data,,,
0,6288.782317681994,6288.782317681994,1.0
1,21715.827897242878,21715.827897242878,1.0
2,12658.276117875575,12658.276117875575,1.0
3,6163.330934347965,6163.330934347965,1.0
4,2794.318372682581,2794.318372682581,1.0
5,1164.7011464586274,1164.7011464586274,1.0
