,Reference,New,ratio
,0,0,0
data,,,
0,3448233.495557092,3448233.495557092,1.0
1,4492544.786119079,4492544.786119079,1.0
2,758529.5874188337,758529.5874188337,1.0
