,Reference,New,ratio
,0,0,0
data,,,
0,0.8320392994904895,0.8320392994904895,1.0
1,0.712081927361913,0.712081927361913,1.0
2,0.5182267769931477,0.5182267769931477,1.0
3,0.2271301342918576,0.2271301342918576,1.0
4,0.0220706220749141,0.0220706220749141,1.0
