,Reference,New,ratio
,0,0,0
data,,,
0,0.6304997634121314,0.6304997634121314,1.0
1,0.606957425379761,0.606957425379761,1.0
2,0.5256935650282863,0.5256935650282863,1.0
