,Reference,New,ratio
,0,0,0
data,,,
0,1.880861809856159,1.880861809856159,1.0
