,Reference,New,ratio
,0,0,0
data,,,
0,61.87581263866253,61.87581263866253,1.0
