,Reference,New,ratio
,0,0,0
data,,,
0,53.7521914186522,53.7521914186522,1.0
1,110.4010097477486,110.4010097477486,1.0
2,154.23490249990874,154.23490249990874,1.0
3,190.0786603265284,190.0786603265284,1.0
4,210.20392465768916,210.20392465768916,1.0
5,210.14152763970793,210.14152763970793,1.0
6,190.064329984327,190.064329984327,1.0
7,154.16166067381778,154.16166067381778,1.0
8,110.36229105436864,110.36229105436864,1.0
9,53.835324218753975,53.835324218753975,1.0
