,Reference,New,ratio
,0,0,0
data,,,
0,1.6744914177551333,1.6744914177551333,1.0
