,Reference,New,ratio
,0,0,0
data,,,
0,146.18963239240665,146.18963239240665,1.0
