,Reference,New,ratio
,0,0,0
data,,,
0,685.5920528270065,685.5920528270065,1.0
