,Reference,New,ratio
,0,0,0
data,,,
0,57.544403829857295,57.544403829857295,1.0
