,Reference,New,ratio
,0,0,0
data,,,
0,0.06470075449608041,0.06470075449608041,1.0
1,0.22833401572491963,0.22833401572491963,1.0
2,0.31084301136198,0.31084301136198,1.0
3,0.3718650915877798,0.3718650915877798,1.0
4,0.4190069953700747,0.4190069953700747,1.0
5,0.4145606095875032,0.4145606095875032,1.0
6,0.37385409065083386,0.37385409065083386,1.0
7,0.3182715997925612,0.3182715997925612,1.0
8,0.22620624808765277,0.22620624808765277,1.0
