,Reference,New,ratio
,0,0,0
data,,,
1,0.057680622023215146,0.057680622023215146,1.0
2,0.09347154981803407,0.09347154981803407,1.0
3,0.12540114347340145,0.12540114347340145,1.0
4,0.15185553995776807,0.15185553995776807,1.0
5,0.16836117040939969,0.16836117040939969,1.0
6,0.1716897172881435,0.1716897172881435,1.0
7,0.15725739761019833,0.15725739761019833,1.0
8,0.12227897635931766,0.12227897635931766,1.0
9,0.0635603621355999,0.0635603621355999,1.0
