,Reference,New,ratio
,0,0,0
data,,,
0,0.6934870800070081,0.6934870800070081,1.0
1,0.6430671749696945,0.6430671749696945,1.0
2,0.5034686391603912,0.5034686391603912,1.0
