,Reference,New,ratio
,0,0,0
data,,,
0,752.8546162462653,752.8546162462653,1.0
