,Reference,New,ratio
,0,0,0
data,,,
0,1.923711075991521,1.923711075991521,1.0
