,Reference,New,ratio
,0,0,0
data,,,
0,0.7257703454526034,0.7257703454526034,1.0
1,0.6878121537394626,0.6878121537394626,1.0
2,0.5641305438038642,0.5641305438038642,1.0
