,Reference,New,ratio
,0,0,0
data,,,
0,3442248.162966097,3442248.162966097,1.0
1,4476118.113121677,4476118.113121677,1.0
2,762107.3204109177,762107.3204109177,1.0
