,Reference,New,ratio
,0,0,0
data,,,
0,0.6066667962214258,0.6066667962214258,1.0
1,0.5743598211002718,0.5743598211002718,1.0
2,0.47818750074933897,0.47818750074933897,1.0
