,Reference,New,ratio
,0,0,0
data,,,
0,7201.5699399508785,7201.5699399508785,1.0
1,23522.80969280925,23522.80969280925,1.0
2,13089.23126098686,13089.23126098686,1.0
3,6311.524994062119,6311.524994062119,1.0
4,2848.7885121855397,2848.7885121855397,1.0
5,1184.2950952633569,1184.2950952633569,1.0
