,Reference,New,ratio
,0,0,0
data,,,
0,228.10527603539686,228.10527603539686,1.0
