,Reference,New,ratio
,0,0,0
data,,,
0,0.6309217837732269,0.6309217837732269,1.0
1,0.6075295978481394,0.6075295978481394,1.0
2,0.5260901473894747,0.5260901473894747,1.0
