,Reference,New,ratio
,0,0,0
data,,,
0,218.75071807141387,218.75071807141387,1.0
1,95.80239819585678,95.80239819585678,1.0
2,46.68514250290773,46.68514250290773,1.0
3,26.399287038851647,26.399287038851647,1.0
4,16.251873917142426,16.251873917142426,1.0
