,Reference,New,ratio
,0,0,0
data,,,
0,59.04025367867899,59.04025367867899,1.0
1,121.24703130205428,121.24703130205428,1.0
2,169.3397699689719,169.3397699689719,1.0
3,208.75756157644824,208.75756157644824,1.0
4,230.84014232479427,230.84014232479427,1.0
5,230.77146030960157,230.77146030960157,1.0
6,208.7243739897536,208.7243739897536,1.0
7,169.2613523974921,169.2613523974921,1.0
8,121.18978783106262,121.18978783106262,1.0
9,59.14910492469054,59.14910492469054,1.0
