,Reference,New,ratio
,0,0,0
data,,,
0,61.81013840565591,61.81013840565591,1.0
