,Reference,New,ratio
,0,0,0
data,,,
0,1.6753892080025634,1.6753892080025634,1.0
