,Reference,New,ratio
,0,0,0
data,,,
0,1.8692110248162306,1.8692110248162306,1.0
