,Reference,New,ratio
,0,0,0
data,,,
0,0.06421231837109029,0.06421231837109029,1.0
1,0.22834013172063783,0.22834013172063783,1.0
2,0.31020908774639444,0.31020908774639444,1.0
3,0.3716743597477149,0.3716743597477149,1.0
4,0.4213702402959432,0.4213702402959432,1.0
5,0.4162274527373648,0.4162274527373648,1.0
6,0.3736761606025263,0.3736761606025263,1.0
7,0.3196690256881897,0.3196690256881897,1.0
8,0.22585895507045742,0.22585895507045742,1.0
