,Reference,New,ratio
,0,0,0
data,,,
0,62.365665280691324,62.365665280691324,1.0
