,Reference,New,ratio
,0,0,0
data,,,
0,159.23819064665113,159.23819064665113,1.0
