,Reference,New,ratio
,0,0,0
data,,,
1,0.057781343066519754,0.057781343066519754,1.0
2,0.09367546694410842,0.09367546694410842,1.0
3,0.1258093299696736,0.1258093299696736,1.0
4,0.15266316309193087,0.15266316309193087,1.0
5,0.16968222989238224,0.16968222989238224,1.0
6,0.17366434086451973,0.17366434086451973,1.0
7,0.15995596966882175,0.15995596966882175,1.0
8,0.1257857236070624,0.1257857236070624,1.0
9,0.0677353758297143,0.0677353758297143,1.0
