,Reference,New,ratio
,0,0,0
data,,,
0,217.29398896607063,217.29398896607063,1.0
1,95.33813456117211,95.33813456117211,1.0
2,46.53349962223265,46.53349962223265,1.0
3,26.34401164359864,26.34401164359864,1.0
4,16.231968198361496,16.231968198361496,1.0
