,Reference,New,ratio
,0,0,0
data,,,
0,1.91794049466104,1.91794049466104,1.0
