,Reference,New,ratio
,0,0,0
data,,,
0,0.6096599314183353,0.6096599314183353,1.0
1,0.576763520721036,0.576763520721036,1.0
2,0.4789880928646878,0.4789880928646878,1.0
