,Reference,New,ratio
,0,0,0
data,,,
0,0.6952109777322909,0.6952109777322909,1.0
1,0.6445018340155381,0.6445018340155381,1.0
2,0.504144019702576,0.504144019702576,1.0
