,Reference,New,ratio
,0,0,0
data,,,
0,3341010.989647767,3341010.989647767,1.0
1,4335131.967087996,4335131.967087996,1.0
2,744777.500182986,744777.500182986,1.0
