,Reference,New,ratio
,0,0,0
data,,,
0,226.5112268431372,226.5112268431372,1.0
