,Reference,New,ratio
,0,0,0
data,,,
0,0.6339177806183438,0.6339177806183438,1.0
1,0.6100981194528079,0.6100981194528079,1.0
2,0.527288414381838,0.527288414381838,1.0
