,Reference,New,ratio
,0,0,0
data,,,
0,0.727247288923813,0.727247288923813,1.0
1,0.6890969142837176,0.6890969142837176,1.0
2,0.564810490393714,0.564810490393714,1.0
