,Reference,New,ratio
,0,0,0
data,,,
0,157.89631481183582,157.89631481183582,1.0
