,Reference,New,ratio
,0,0,0
data,,,
0,0.8261547030701564,0.8261547030701564,1.0
1,0.7563012547937338,0.7563012547937338,1.0
2,0.6322904618309267,0.6322904618309267,1.0
3,0.4541835695469127,0.4541835695469127,1.0
