,Reference,New,ratio
,0,0,0
data,,,
0,1.6689543910964335,1.6689543910964335,1.0
