,Reference,New,ratio
,0,0,0
data,,,
0,58.54702604587846,58.54702604587846,1.0
1,120.81318257844381,120.81318257844381,1.0
2,169.14154061410972,169.14154061410972,1.0
3,208.835927155731,208.835927155731,1.0
4,231.09599983966925,231.09599983966925,1.0
5,231.02884920530084,231.02884920530084,1.0
6,208.80176167219295,208.80176167219295,1.0
7,169.06469342079134,169.06469342079134,1.0
8,120.75596584021953,120.75596584021953,1.0
9,58.65506620412972,58.65506620412972,1.0
