,Reference,New,ratio
,0,0,0
data,,,
0,61.671339595639125,61.671339595639125,1.0
