,Reference,New,ratio
,0,0,0
data,,,
0,1.8641895346916404,1.8641895346916404,1.0
