,Reference,New,ratio
,0,0,0
data,,,
0,0.0636653997322424,0.0636653997322424,1.0
1,0.22817803494349526,0.22817803494349526,1.0
2,0.3106079461067078,0.3106079461067078,1.0
3,0.3724767864287327,0.3724767864287327,1.0
4,0.4225614081850879,0.4225614081850879,1.0
5,0.41741725361582044,0.41741725361582044,1.0
6,0.37454995377367784,0.37454995377367784,1.0
7,0.32005712757443566,0.32005712757443566,1.0
8,0.2256691725900308,0.2256691725900308,1.0
