,Reference,New,ratio
,0,0,0
data,,,
0,61.622712952489785,61.622712952489785,1.0
