,Reference,New,ratio
,0,0,0
data,,,
0,751.3816437422104,751.3816437422104,1.0
