,Reference,New,ratio
,0,0,0
data,,,
1,0.057151567521154335,0.057151567521154335,1.0
2,0.09262125289238692,0.09262125289238692,1.0
3,0.12432154945576375,0.12432154945576375,1.0
4,0.15073782879083433,0.15073782879083433,1.0
5,0.16731717422181938,0.16731717422181938,1.0
6,0.17088170166436933,0.17088170166436933,1.0
7,0.15679843639859903,0.15679843639859903,1.0
8,0.1223560567649981,0.1223560567649981,1.0
9,0.06418460641580802,0.06418460641580802,1.0
